email_address,cc_name,cc_number,cc_cvv,cc_zip,status,street,customer_name,city,state,mailing_zip,cc_exp_month,cc_exp_year
Keven.Kihn@robertsmills.co,Keven Kihn,2300763110547909,377,99068,complete,673 Evan Fort,Keven Kihn,Pagacborough,KY,99068,8,2020
Jett.Goodwin@larson.co,Jett Goodwin,6951899442821675,107,61636,cancelled,61313 Cummings Road,Jett Goodwin,Mohrborough,PA,61636,3,2019
Novella.Pfeffer@littel.com,Novella Pfeffer,5574581233336408,693,91342,complete,266 Kali Ridge,Novella Pfeffer,Terenceshire,IA,91342,12,2022
Abagail.Graham@pollich.biz,Abagail Graham,7084145757682586,295,15046,paid,7442 Durgan Knolls,Abagail Graham,New Baby,MD,15046,9,2019
Jabari.Koelpin@mannbraun.biz,Jabari Koelpin,3882666564745382,778,30025,paid,9685 Renner Fort,Jabari Koelpin,Eichmannbury,OK,30025,12,2020
Jo.Renner@gaylordkshlerin.net,Jo Renner,4854729613105244,719,78631,pending,58295 Melody Pine,Jo Renner,North Andre,NM,78631,9,2024
Shanie.Boehm@kuhic.com,Shanie Boehm,9883966976548406,801,58863,paid,3807 Jacey Fall,Shanie Boehm,Lefflerside,AL,58863,1,2019
Lily.Rippin@wintheiser.info,Lily Rippin,9306548186041547,500,38026,pending,37919 Borer Falls,Lily Rippin,West Angelo,OR,38026,11,2019
Ryann.Crist@jacobs.net,Ryann Crist,5349590007149313,973,83379,paid,51326 Goodwin Point,Ryann Crist,Lake Bobby,MN,83379,2,2022
Zelda.Rice@faygibson.co,Zelda Rice,2924787877030428,141,16647,complete,197 Dulce Isle,Zelda Rice,Julianhaven,NE,16647,3,2023
Nichole.Bashirian@schimmelschuppe.net,Nichole Bashirian,4369411943723164,803,70338,cancelled,14860 Gabriella Crossroad,Nichole Bashirian,Lednerchester,HI,70338,4,2019
Will.Rath@upton.name,Will Rath,9451722847611687,245,81520,paid,5542 Armand Run,Will Rath,North Lavadamouth,NJ,81520,8,2024
Florence.Goldner@lindgren.org,Florence Goldner,9659454044401476,176,46663,cancelled,9589 Consuelo Fork,Florence Goldner,West Christophebury,CA,46663,6,2025
Demond.Ankunding@emmerichjacobi.biz,Demond Ankunding,2399954366812260,263,25157,complete,15027 Alec Divide,Demond Ankunding,West Ezramouth,CO,25157,8,2025
Yazmin.Hintz@willmsratke.io,Yazmin Hintz,7324907807395006,613,83164,paid,8576 Jenkins Ville,Yazmin Hintz,Port Gracielachester,AR,83164,6,2023
Luigi.Wintheiser@bruen.co,Luigi Wintheiser,2185212524932129,238,96659,pending,903 Margarete Tunnel,Luigi Wintheiser,Hamilltown,WY,96659,3,2020
Arlie.Dibbert@stantonbrakus.io,Arlie Dibbert,2684014438093232,793,33038,complete,2452 Fidel Valley,Arlie Dibbert,Dejaburgh,IA,33038,10,2025
Verner.Ernser@carroll.name,Verner Ernser,6398048376946804,541,45450,pending,75849 Brent Ford,Verner Ernser,Lake Clinton,NE,45450,6,2025
Elena.Cassin@sipes.com,Elena Cassin,1860761765740523,123,29917,paid,908 Chasity Ranch,Elena Cassin,Lake Rhettton,AR,29917,4,2021
Ruben.Schamberger@daughertykulas.io,Ruben Schamberger,1030125321392598,604,52976,complete,5673 Madeline Way,Ruben Schamberger,Kadinbury,LA,52976,6,2023
Shaina.Schroeder@blanda.info,Shaina Schroeder,2912738482949469,930,70577,complete,24139 Thompson Squares,Shaina Schroeder,Pearlietown,CA,70577,9,2025
Donny.Dickens@lynchmaggio.org,Donny Dickens,5890345529243904,431,68665,paid,20251 Glover Plains,Donny Dickens,Lake Blancheview,FL,68665,7,2023
Elfrieda.Von@jenkinsbarrows.co,Elfrieda Von,4457578131873868,983,28661,cancelled,52775 Norberto Club,Elfrieda Von,New Alexandrealand,UT,28661,4,2022
Heloise.Volkman@stanton.com,Heloise Volkman,6881455604691936,274,71174,cancelled,223 Furman Mountain,Heloise Volkman,Lake Violettemouth,AL,71174,4,2025
Verner.Breitenberg@lesch.co,Verner Breitenberg,1966861009331242,557,39076,pending,559 Mose Ports,Verner Breitenberg,Altheaville,PA,39076,12,2021
Carley.Johns@treutel.name,Carley Johns,4295573005462509,342,53690,pending,9342 Gutmann Wall,Carley Johns,Lake Ethaberg,AK,53690,10,2021
Marguerite.Gaylord@rippin.biz,Marguerite Gaylord,8004210778355630,271,64280,pending,686 Wyman Meadows,Marguerite Gaylord,Lueborough,SD,64280,3,2024
Emory.Gerhold@jonescummings.net,Emory Gerhold,5099331838277142,578,76142,paid,992 Marquardt Fields,Emory Gerhold,Winonaburgh,ME,76142,3,2019
Katherine.Crist@abernathybrakus.com,Katherine Crist,2958023499385704,506,92630,paid,80675 Gutkowski Throughway,Katherine Crist,Hermannland,RI,92630,11,2019
Alyce.Greenholt@sauerkunze.name,Alyce Greenholt,3524944667709024,662,78662,cancelled,679 Yadira Dale,Alyce Greenholt,New Richardland,RI,78662,6,2025
Harry.Kihn@framicarroll.org,Harry Kihn,1978266105308915,234,71374,paid,146 Fahey View,Harry Kihn,East Catharinebury,IL,71374,9,2021
Tabitha.Mayert@ko.biz,Tabitha Mayert,7367271456029751,770,46207,paid,33957 Kris Haven,Tabitha Mayert,Margarettaland,AR,46207,2,2024
Elnora.Cormier@bodelang.net,Elnora Cormier,3116710824975903,865,90545,complete,3332 Emily Spurs,Elnora Cormier,Watersburgh,MT,90545,8,2024
Tony.Mills@gutmann.name,Tony Mills,5501873840183978,442,71425,cancelled,1087 Camilla Crossing,Tony Mills,Oscarborough,LA,71425,6,2023
Oswald.Abernathy@okuneva.name,Oswald Abernathy,6452094325142825,257,65427,paid,43370 Hamill Islands,Oswald Abernathy,Mertzland,KY,65427,8,2024
Arvid.Hand@beier.com,Arvid Hand,8610253273713552,296,11090,cancelled,1249 McGlynn Greens,Arvid Hand,Dakotafurt,NM,11090,6,2021
Lyla.Schowalter@mertz.net,Lyla Schowalter,1537776560577653,977,17054,complete,28289 Donato Spurs,Lyla Schowalter,Markstown,PA,17054,8,2020
Thad.Veum@balistreri.org,Thad Veum,4865728032374797,892,43006,paid,853 Hudson Passage,Thad Veum,Albinmouth,WV,43006,4,2020
Jerald.Schroeder@willms.net,Jerald Schroeder,9629136197778260,984,38210,complete,68601 Reanna Circle,Jerald Schroeder,East Melisa,MO,38210,9,2020
Dixie.Rolfson@borerweinat.info,Dixie Rolfson,5223547937274279,109,62648,pending,6181 Joey Keys,Dixie Rolfson,Ryderstad,GA,62648,5,2022
Doug.Rutherford@vonrueden.biz,Doug Rutherford,5380546734429564,170,33862,complete,95083 Joel Rapids,Doug Rutherford,East Nathanielbury,ID,33862,7,2024
Jammie.Lubowitz@koelpin.info,Jammie Lubowitz,6837866862863790,889,11948,cancelled,67727 Nolan Station,Jammie Lubowitz,Haneberg,SC,11948,11,2021
Jocelyn.Bartell@lueilwitzmiller.org,Jocelyn Bartell,9551612810921412,760,31000,pending,5845 Bethel Roads,Jocelyn Bartell,Bergnaumview,AR,31000,3,2025
Toy.Senger@cummeratacarter.info,Toy Senger,4162078980407568,373,31724,complete,1425 Larson Corners,Toy Senger,Harmonmouth,LA,31724,7,2025
Enos.Sipes@keeblerschultz.name,Enos Sipes,8927919957976908,993,78357,complete,86729 Godfrey Divide,Enos Sipes,East Kendrastad,IN,78357,12,2025
Arturo.Marquardt@watsica.co,Arturo Marquardt,4986889666739805,598,40891,paid,50687 Treutel Freeway,Arturo Marquardt,Fritschfurt,NY,40891,8,2022
Ansel.Bailey@cruickshank.com,Ansel Bailey,2626631611910939,380,41606,cancelled,9165 Dach Trail,Ansel Bailey,Tillmanberg,SC,41606,2,2022
Arturo.Koelpin@runte.co,Arturo Koelpin,5198133037498864,484,28118,paid,332 Jammie Lights,Arturo Koelpin,MacGyverbury,OH,28118,4,2022
Bertram.Jast@daugherty.name,Bertram Jast,2668471514471703,451,18134,cancelled,26210 Roberts Prairie,Bertram Jast,Trystanburgh,FL,18134,7,2019
Lazaro.Terry@parisian.co,Lazaro Terry,7738753147898126,914,69721,complete,9647 Mitchell Spring,Lazaro Terry,East Tyreek,ND,69721,8,2023
Angel.Hegmann@cummerata.name,Angel Hegmann,4550840936979406,377,58381,paid,4417 Maggio Square,Angel Hegmann,Port Pattieland,NE,58381,6,2025
Humberto.Jaskolski@veum.net,Humberto Jaskolski,3310687405111033,386,69311,cancelled,38869 Gustave Landing,Humberto Jaskolski,Lake Nathanael,AR,69311,11,2024
Kelvin.Pouros@mann.com,Kelvin Pouros,9230529114291583,688,94796,pending,6972 Shawna Plains,Kelvin Pouros,Margarettaburgh,MS,94796,3,2021
Kody.Fadel@bauchcremin.biz,Kody Fadel,9238055449079622,147,37391,paid,13705 Alta Camp,Kody Fadel,Kohlermouth,WV,37391,1,2022
Ozzie.Wisozk@erdman.biz,Ozzie Wisozk,1742316891985743,234,85634,complete,713 Lang Stream,Ozzie Wisozk,Howeshire,TN,85634,2,2020
Zackary.Carter@kaulke.name,Zackary Carter,2681412707894801,682,33893,pending,41838 Cecil Islands,Zackary Carter,Port Tayahaven,IL,33893,1,2022
Grace.Dach@schamberger.info,Grace Dach,1834313317685423,381,70094,complete,680 Bernhard Viaduct,Grace Dach,Port Daneshire,OR,70094,6,2022
Johnson.Kuhlman@whitemurphy.info,Johnson Kuhlman,2834527942137345,847,57490,complete,205 Bergstrom Inlet,Johnson Kuhlman,Kozeymouth,OK,57490,12,2022
Abe.Reilly@schmitt.info,Abe Reilly,7242289768739296,394,53043,paid,9785 Roxanne Creek,Abe Reilly,Port Destinytown,IL,53043,10,2022
Chauncey.Von@halvorsonjakubowski.com,Chauncey Von,7647664870960677,196,94731,paid,8696 Littel Vista,Chauncey Von,East Rita,CO,94731,1,2020
Rupert.Braun@mullerjerde.io,Rupert Braun,8231115331211935,996,10657,pending,622 Harold Heights,Rupert Braun,Dandreborough,WY,10657,6,2020
Kacie.Towne@dibbert.io,Kacie Towne,7687538219240361,847,13757,pending,890 Deckow Station,Kacie Towne,Lake Bethfort,VA,13757,3,2022
Steve.Hamill@heidenreich.org,Steve Hamill,5221529322186335,565,85228,cancelled,121 Turcotte Crescent,Steve Hamill,Mertzberg,NE,85228,3,2023
Dorthy.Cremin@balistreri.org,Dorthy Cremin,5980495908082624,567,11927,complete,902 Cristian Flats,Dorthy Cremin,Funkton,HI,11927,3,2021
Gladyce.Bednar@labadie.net,Gladyce Bednar,1936715594769457,782,40404,complete,823 Gia Brooks,Gladyce Bednar,Lehnerchester,HI,40404,2,2019
Jane.Toy@hermiston.io,Jane Toy,1994244704289633,778,69835,complete,760 Marilie Drive,Jane Toy,Aileenville,CT,69835,6,2021
Mozelle.Raynor@kihn.io,Mozelle Raynor,7761874926963237,686,84862,pending,30228 Saul Throughway,Mozelle Raynor,New Friedatown,NV,84862,11,2025
Leonard.Cassin@connellylockman.net,Leonard Cassin,9253889625189365,675,77180,cancelled,77963 Ryleigh Locks,Leonard Cassin,Marcosside,ME,77180,4,2020
Winifred.Nienow@friesen.biz,Winifred Nienow,4176112181496263,135,29772,cancelled,39189 Joannie Squares,Winifred Nienow,South Princemouth,CO,29772,6,2024
Myrtle.Schmidt@gibson.com,Myrtle Schmidt,1861345367873274,236,23623,pending,60654 Conroy Skyway,Myrtle Schmidt,South Anyaburgh,NE,23623,1,2022
Lilliana.Gibson@schinnerschultz.co,Lilliana Gibson,4366021918013010,609,25323,paid,840 Gladys Lock,Lilliana Gibson,Harberstad,KS,25323,9,2020
Marianna.Bernhard@murraycorkery.biz,Marianna Bernhard,3713449551271503,912,41971,paid,3200 Jazmyn Brook,Marianna Bernhard,New Antonietta,MT,41971,4,2019
Haylee.Reilly@streich.org,Haylee Reilly,6535155485440481,186,47228,complete,22336 Floyd Spring,Haylee Reilly,Treutelmouth,DE,47228,12,2019
Nola.Ratke@simonis.name,Nola Ratke,9768021414751463,842,23242,cancelled,8868 Thea Path,Nola Ratke,Clemensside,MD,23242,10,2023
Prudence.Eichmann@hyatt.io,Prudence Eichmann,5772852049417329,427,66025,cancelled,6593 Gottlieb Lodge,Prudence Eichmann,Lake Nestor,MA,66025,10,2023
Zakary.Marvin@berge.io,Zakary Marvin,7790590142909933,468,85135,paid,8363 Natalia Skyway,Zakary Marvin,New Maybelleview,NY,85135,11,2021
Lila.Rippin@lueilwitz.org,Lila Rippin,2193882166887608,265,46281,complete,705 Ayana Parks,Lila Rippin,South Trace,MD,46281,8,2023
Jazmyn.Harvey@gusikowski.io,Jazmyn Harvey,9459121448282809,765,79442,complete,7832 Rau Port,Jazmyn Harvey,Wardville,IN,79442,2,2024
Hassan.Brekke@lednersipes.biz,Hassan Brekke,7803151188288570,291,57715,cancelled,76940 Langworth Gateway,Hassan Brekke,Bartville,UT,57715,11,2024
Conner.Hilll@adams.name,Conner Hilll,9133009407700285,580,53599,cancelled,169 Katelin Lights,Conner Hilll,Lake Keyshawnfurt,OH,53599,1,2024
Brenden.Wunsch@armstrong.io,Brenden Wunsch,1591082610695839,399,26313,cancelled,185 Bradley Views,Brenden Wunsch,East Bobby,NC,26313,10,2019
Gabe.Breitenberg@dicki.com,Gabe Breitenberg,4105371681710990,541,29848,complete,760 Shania Plains,Gabe Breitenberg,Jadonhaven,MD,29848,8,2019
Ilene.Hoppe@heelkozey.com,Ilene Hoppe,3908484587354010,224,70412,paid,840 Sonya Hollow,Ilene Hoppe,New Marianna,AK,70412,8,2025
Leland.Koepp@gottlieb.com,Leland Koepp,3743820556393162,258,66589,pending,70483 Vernie Mount,Leland Koepp,Lake Candiceborough,ME,66589,6,2023
Jevon.Kiehn@pagac.com,Jevon Kiehn,5975306240908777,335,36426,complete,24492 Evans Well,Jevon Kiehn,Willyshire,OH,36426,1,2025
Zoey.McCullough@hillltromp.com,Zoey McCullough,5368231856510473,820,23298,pending,1542 Kessler Way,Zoey McCullough,North Lydia,NE,23298,6,2023
Guy.DuBuque@luettgen.co,Guy DuBuque,6284003295339208,200,54265,complete,509 Myron Corner,Guy DuBuque,West Bennett,IN,54265,1,2019
Estrella.Mohr@jaskolski.net,Estrella Mohr,9819603610400871,329,17412,complete,86749 Raleigh Fork,Estrella Mohr,North Nathanial,AK,17412,7,2025
Solon.Dickinson@baileyklein.com,Solon Dickinson,7992787010623790,494,12127,complete,202 Reichert Meadow,Solon Dickinson,West Emmettown,AL,12127,12,2022
Jonas.Strosin@bergstromcollier.org,Jonas Strosin,8672142912199139,355,89228,complete,7280 Lauren Via,Jonas Strosin,Schambergerview,WI,89228,7,2025
Benton.Gulgowski@damore.biz,Benton Gulgowski,7333788286191986,656,62911,pending,2136 Dooley Trafficway,Benton Gulgowski,Riceport,OH,62911,2,2023
Bryce.Nicolas@kuphal.net,Bryce Nicolas,5878900983870836,338,15859,complete,294 Jammie Crossing,Bryce Nicolas,Port Leif,RI,15859,7,2023
Monte.Bashirian@gerholdbruen.biz,Monte Bashirian,6598874321552494,509,16951,complete,1452 Cathryn Ramp,Monte Bashirian,West Randall,CA,16951,8,2021
Alphonso.Raynor@farrellmoore.co,Alphonso Raynor,2524580612206848,453,14583,pending,96595 Maggio Spur,Alphonso Raynor,Hopeview,WV,14583,7,2023
Jasper.DuBuque@parker.info,Jasper DuBuque,5143879924610407,905,98076,pending,26563 Daniel Shoals,Jasper DuBuque,Lake Ramon,SC,98076,3,2023
Hailee.Wisozk@cummings.org,Hailee Wisozk,3831118261488989,880,67215,complete,522 Sheridan Fields,Hailee Wisozk,Roobland,CT,67215,8,2022
Ryley.Bartoletti@hauck.io,Ryley Bartoletti,1333900351814172,282,20057,pending,671 Fay Place,Ryley Bartoletti,South Jed,MT,20057,3,2020
Katheryn.Pouros@dietrichweber.com,Katheryn Pouros,6476700698757954,939,12425,pending,1450 Mann Radial,Katheryn Pouros,South Savion,HI,12425,7,2023
Craig.Balistreri@spencer.com,Craig Balistreri,1457110745192108,279,46965,paid,90459 Bertram Plaza,Craig Balistreri,Rodriguezland,VT,46965,10,2024
Arvid.Herzog@hackett.com,Arvid Herzog,4447381115994177,860,16950,pending,393 Konopelski Plains,Arvid Herzog,Lake Marjolaineview,LA,16950,11,2025
